,user_id,tolerance
0,enth01,88.37209302325581
1,enth02,0.0
2,enth03,28.30188679245283
3,enth04,42.857142857142854
4,enth05,38.63636363636363
5,enth07,67.9245283018868
6,enth09,47.61904761904761
7,enth10,66.66666666666666
8,enth11,73.52941176470588
9,enth13,81.03448275862068
10,enth15,97.75280898876404
11,enth22,12.0
12,enth28,44.11764705882353
